"TC-code(sec)","rescaled_TC-code(sec)"
"240","174.27458617332035053440"
"60+0.6","43.56864654333008763360+.43568646543330087633"
"120+1","87.13729308666017526720+.72614410905550146056"
